Pablo García,pablogarcia@uco.es,pass1,Estudiante
Mario Gutiérrez,mariogutierrez@uco.es,pass2,Estudiante
Martina Romero,martinaromero@uco.es,pass3,Estudiante
Pablo López,pablolopez@uco.es,pass4,Estudiante
David García,davidgarcia@uco.es,pass5,Estudiante
Adrián Torres,adriantorres@uco.es,pass6,Estudiante
Emma López,emmalopez@uco.es,pass7,Tutor
Sofía Fernández,sofiafernandez@uco.es,pass8,Estudiante
Valeria García,valeriagarcia@uco.es,pass9,Estudiante
Mario García,mariogarcia@uco.es,pass10,Estudiante
Martina Domínguez,martinadominguez@uco.es,pass11,Estudiante
Carla Muñoz,carlamunoz@uco.es,pass12,Estudiante
Emma Domínguez,emmadominguez@uco.es,pass13,Estudiante
David Álvarez,davidalvarez@uco.es,pass14,Tutor
Emma Alonso,emmaalonso@uco.es,pass15,Estudiante
Mario Romero,marioromero@uco.es,pass16,Estudiante
Sofía Martínez,sofiamartinez@uco.es,pass17,Tutor
Sara Pérez,saraperez@uco.es,pass18,Estudiante
Sara Torres,saratorres@uco.es,pass19,Estudiante
Noa Martínez,noamartinez@uco.es,pass20,Estudiante
Lucía Martínez,luciamartinez@uco.es,pass21,Tutor
Mateo Gómez,mateogomez@uco.es,pass22,Estudiante
Pablo Domínguez,pablodominguez@uco.es,pass23,Estudiante
Sara Gutiérrez,saragutierrez@uco.es,pass24,Tutor
Sara López,saralopez@uco.es,pass25,Estudiante
Carla Gutiérrez,carlagutierrez@uco.es,pass26,Tutor
Pablo Muñoz,pablomunoz@uco.es,pass27,Tutor
Martina Ruiz,martinaruiz@uco.es,pass28,Estudiante
David Muñoz,davidmunoz@uco.es,pass29,Estudiante
Hugo Navarro,hugonavarro@uco.es,pass30,Tutor
Daniel López,daniellopez@uco.es,pass31,Tutor
Pablo Alonso,pabloalonso@uco.es,pass32,Estudiante
Alba López,albalopez@uco.es,pass33,Estudiante
Lucía López,lucialopez@uco.es,pass34,Estudiante
Pablo Torres,pablotorres@uco.es,pass35,Estudiante
Alejandro García,alejandrogarcia@uco.es,pass36,Estudiante
Adrián Navarro,adriannavarro@uco.es,pass37,Estudiante
Pablo Ruiz,pabloruiz@uco.es,pass38,Estudiante
Noa Ruiz,noaruiz@uco.es,pass39,Estudiante
Emma Hernández,emmahernandez@uco.es,pass40,Estudiante
Lucía Sánchez,luciasanchez@uco.es,pass41,Tutor
Noa Torres,noatorres@uco.es,pass42,Estudiante
Martina Hernández,martinahernandez@uco.es,pass43,Coordinador
Carla Fernández,carlafernandez@uco.es,pass44,Estudiante
Laura Fernández,laurafernandez@uco.es,pass45,Estudiante
Mateo Jiménez,mateojimenez@uco.es,pass46,Estudiante
Carla Martínez,carlamartinez@uco.es,pass47,Estudiante
Mario Alonso,marioalonso@uco.es,pass48,Estudiante
Martina Sánchez,martinasanchez@uco.es,pass49,Estudiante
Martina Muñoz,martinamunoz@uco.es,pass50,Estudiante
Alejandro Pérez,alejandroperez@uco.es,pass51,Estudiante
Valeria Fernández,valeriafernandez@uco.es,pass52,Estudiante
Carla Díaz,carladiaz@uco.es,pass53,Estudiante
Valeria Navarro,valerianavarro@uco.es,pass54,Estudiante
Adrián Sánchez,adriansanchez@uco.es,pass55,Tutor
Diego Muñoz,diegomunoz@uco.es,pass56,Tutor
Mario Martínez,mariomartinez@uco.es,pass57,Estudiante
David Martínez,davidmartinez@uco.es,pass58,Tutor
Martina Navarro,martinanavarro@uco.es,pass59,Estudiante
Hugo Díaz,hugodiaz@uco.es,pass60,Tutor
Emma Álvarez,emmaalvarez@uco.es,pass61,Estudiante
Alba Pérez,albaperez@uco.es,pass62,Estudiante
Valeria Díaz,valeriadiaz@uco.es,pass63,Estudiante
Adrián Martínez,adrianmartinez@uco.es,pass64,Estudiante
Martina Jiménez,martinajimenez@uco.es,pass65,Estudiante
David Pérez,davidperez@uco.es,pass66,Tutor
Valeria Torres,valeriatorres@uco.es,pass67,Estudiante
Hugo Hernández,hugohernandez@uco.es,pass68,Estudiante
Lucía Fernández,luciafernandez@uco.es,pass69,Estudiante
Emma Ruiz,emmaruiz@uco.es,pass70,Tutor
Hugo Fernández,hugofernandez@uco.es,pass71,Estudiante
Mateo Navarro,mateonavarro@uco.es,pass72,Estudiante
David Romero,davidromero@uco.es,pass73,Tutor
Sara Jiménez,sarajimenez@uco.es,pass74,Estudiante
Diego Jiménez,diegojimenez@uco.es,pass75,Estudiante
Emma Torres,emmatorres@uco.es,pass76,Estudiante
Sara Navarro,saranavarro@uco.es,pass77,Estudiante
Laura Pérez,lauraperez@uco.es,pass78,Tutor
Sofía Torres,sofiatorres@uco.es,pass79,Estudiante
Martina Gutiérrez,martinagutierrez@uco.es,pass80,Estudiante
Mario Hernández,mariohernandez@uco.es,pass81,Estudiante
Noa Romero,noaromero@uco.es,pass82,Estudiante
Martina Martínez,martinamartinez@uco.es,pass83,Tutor
Laura Romero,lauraromero@uco.es,pass84,Estudiante
Sofía Álvarez,sofiaalvarez@uco.es,pass85,Tutor
Valeria Martínez,valeriamartinez@uco.es,pass86,Estudiante
Mateo Romero,mateoromero@uco.es,pass87,Tutor
Mateo Hernández,mateohernandez@uco.es,pass88,Estudiante
Diego Navarro,diegonavarro@uco.es,pass89,Estudiante
Alejandro Díaz,alejandrodiaz@uco.es,pass90,Estudiante
Hugo Domínguez,hugodominguez@uco.es,pass91,Coordinador
Alejandro Martínez,alejandromartinez@uco.es,pass92,Estudiante
Sofía Muñoz,sofiamunoz@uco.es,pass93,Tutor
Martina López,martinalopez@uco.es,pass94,Estudiante
Alejandro López,alejandrolopez@uco.es,pass95,Tutor
Valeria Muñoz,valeriamunoz@uco.es,pass96,Estudiante
Daniel Alonso,danielalonso@uco.es,pass97,Estudiante
Daniel Gutiérrez,danielgutierrez@uco.es,pass98,Estudiante
Laura Ruiz,lauraruiz@uco.es,pass99,Tutor
Carla Romero,carlaromero@uco.es,pass100,Tutor